in:Window placement,in:Orientation,out:% of Total Area,out:Panel Number_1,out:Panel Number_2,out:Panel Number_3,out:Panel Number_4,img
394,0,0.5,16,18,14,6,Windowplacement394_Orientation0.png
389,0,0.488889,3,12,4,15,Windowplacement389_Orientation0.png
361,0,0.45,17,18,19,6,Windowplacement361_Orientation0.png
77,0,0.5,0,17,19,6,Windowplacement77_Orientation0.png
144,0,0.494444,17,18,11,6,Windowplacement144_Orientation0.png
189,0,0.55,6,12,14,15,Windowplacement189_Orientation0.png
357,0,0.483333,17,10,13,14,Windowplacement357_Orientation0.png
437,0,0.488889,3,4,14,15,Windowplacement437_Orientation0.png
191,0,0.527778,0,18,6,15,Windowplacement191_Orientation0.png
220,0,0.55,0,18,12,5,Windowplacement220_Orientation0.png
301,0,0.505556,9,18,13,14,Windowplacement301_Orientation0.png
66,0,0.455556,0,16,18,17,Windowplacement66_Orientation0.png
263,0,0.522222,0,17,6,14,Windowplacement263_Orientation0.png
483,0,0.533333,18,12,4,14,Windowplacement483_Orientation0.png
334,0,0.466667,0,19,12,6,Windowplacement334_Orientation0.png
213,0,0.494444,9,4,12,13,Windowplacement213_Orientation0.png
380,0,0.538889,16,17,13,6,Windowplacement380_Orientation0.png
393,0,0.511111,16,18,13,6,Windowplacement393_Orientation0.png
192,0,0.561111,0,19,6,15,Windowplacement192_Orientation0.png
288,0,0.494444,18,12,13,15,Windowplacement288_Orientation0.png
219,0,0.5,0,19,11,5,Windowplacement219_Orientation0.png
190,0,0.533333,0,13,14,15,Windowplacement190_Orientation0.png
100,0,0.505556,0,17,11,5,Windowplacement100_Orientation0.png
375,0,0.544444,16,18,6,15,Windowplacement375_Orientation0.png
257,0,0.711111,8,17,4,5,Windowplacement257_Orientation0.png
131,0,0.722222,2,13,5,6,Windowplacement131_Orientation0.png
80,0,0.694444,16,0,10,2,Windowplacement80_Orientation0.png
0,0,0.722222,0,9,3,19,Windowplacement0_Orientation0.png
382,0,0.683333,10,3,11,6,Windowplacement382_Orientation0.png
218,0,0.711111,0,2,4,7,Windowplacement218_Orientation0.png
349,0,0.666667,0,1,18,10,Windowplacement349_Orientation0.png
228,0,0.727778,9,3,6,7,Windowplacement228_Orientation0.png
179,0,0.7,3,11,5,4,Windowplacement179_Orientation0.png
336,0,0.722222,0,10,4,5,Windowplacement336_Orientation0.png
369,0,0.705556,8,1,19,4,Windowplacement369_Orientation0.png
73,0,0.716667,16,9,11,4,Windowplacement73_Orientation0.png
268,0,0.711111,17,1,4,6,Windowplacement268_Orientation0.png
180,0,0.75,1,10,4,5,Windowplacement180_Orientation0.png
486,0,0.733333,8,11,4,5,Windowplacement486_Orientation0.png
491,0,0.722222,2,18,10,5,Windowplacement491_Orientation0.png
23,0,0.727778,0,9,4,7,Windowplacement23_Orientation0.png
265,0,0.722222,17,2,19,4,Windowplacement265_Orientation0.png
107,0,0.716667,4,13,6,7,Windowplacement107_Orientation0.png
121,0,0.7,0,3,4,5,Windowplacement121_Orientation0.png
59,0,0.75,2,3,5,6,Windowplacement59_Orientation0.png
187,0,0.711111,0,10,4,7,Windowplacement187_Orientation0.png
215,0,0.722222,17,10,4,5,Windowplacement215_Orientation0.png
240,0,0.738889,17,10,1,3,Windowplacement240_Orientation0.png
317,0,0.744444,17,9,3,19,Windowplacement317_Orientation0.png
32,45,0.516667,9,12,13,14,Windowplacement32_Orientation45.png
394,45,0.633333,16,18,14,6,Windowplacement394_Orientation45.png
389,45,0.561111,3,12,4,15,Windowplacement389_Orientation45.png
361,45,0.538889,17,18,19,6,Windowplacement361_Orientation45.png
77,45,0.6,0,17,19,6,Windowplacement77_Orientation45.png
144,45,0.572222,17,18,11,6,Windowplacement144_Orientation45.png
189,45,0.655556,6,12,14,15,Windowplacement189_Orientation45.png
357,45,0.638889,17,10,13,14,Windowplacement357_Orientation45.png
437,45,0.55,3,4,14,15,Windowplacement437_Orientation45.png
191,45,0.705556,0,18,6,15,Windowplacement191_Orientation45.png
220,45,0.7,0,18,12,5,Windowplacement220_Orientation45.png
301,45,0.605556,9,18,13,14,Windowplacement301_Orientation45.png
66,45,0.605556,0,16,18,17,Windowplacement66_Orientation45.png
263,45,0.705556,0,17,6,14,Windowplacement263_Orientation45.png
483,45,0.672222,18,12,4,14,Windowplacement483_Orientation45.png
334,45,0.694444,0,19,12,6,Windowplacement334_Orientation45.png
213,45,0.555556,9,4,12,13,Windowplacement213_Orientation45.png
380,45,0.694444,16,17,13,6,Windowplacement380_Orientation45.png
393,45,0.7,16,18,13,6,Windowplacement393_Orientation45.png
192,45,0.694444,0,19,6,15,Windowplacement192_Orientation45.png
288,45,0.683333,18,12,13,15,Windowplacement288_Orientation45.png
219,45,0.594444,0,19,11,5,Windowplacement219_Orientation45.png
190,45,0.65,0,13,14,15,Windowplacement190_Orientation45.png
100,45,0.583333,0,17,11,5,Windowplacement100_Orientation45.png
375,45,0.705556,16,18,6,15,Windowplacement375_Orientation45.png
257,45,0.744444,8,17,4,5,Windowplacement257_Orientation45.png
131,45,0.733333,2,13,5,6,Windowplacement131_Orientation45.png
80,45,0.727778,16,0,10,2,Windowplacement80_Orientation45.png
0,45,0.777778,0,9,3,19,Windowplacement0_Orientation45.png
382,45,0.677778,10,3,11,6,Windowplacement382_Orientation45.png
218,45,0.733333,0,2,4,7,Windowplacement218_Orientation45.png
349,45,0.711111,0,1,18,10,Windowplacement349_Orientation45.png
228,45,0.677778,9,3,6,7,Windowplacement228_Orientation45.png
179,45,0.733333,3,11,5,4,Windowplacement179_Orientation45.png
336,45,0.766667,0,10,4,5,Windowplacement336_Orientation45.png
369,45,0.738889,8,1,19,4,Windowplacement369_Orientation45.png
73,45,0.733333,16,9,11,4,Windowplacement73_Orientation45.png
268,45,0.733333,17,1,4,6,Windowplacement268_Orientation45.png
180,45,0.75,1,10,4,5,Windowplacement180_Orientation45.png
486,45,0.733333,8,11,4,5,Windowplacement486_Orientation45.png
491,45,0.727778,2,18,10,5,Windowplacement491_Orientation45.png
23,45,0.716667,0,9,4,7,Windowplacement23_Orientation45.png
265,45,0.772222,17,2,19,4,Windowplacement265_Orientation45.png
107,45,0.688889,4,13,6,7,Windowplacement107_Orientation45.png
121,45,0.766667,0,3,4,5,Windowplacement121_Orientation45.png
59,45,0.738889,2,3,5,6,Windowplacement59_Orientation45.png
187,45,0.716667,0,10,4,7,Windowplacement187_Orientation45.png
215,45,0.766667,17,10,4,5,Windowplacement215_Orientation45.png
240,45,0.761111,17,10,1,3,Windowplacement240_Orientation45.png
317,45,0.744444,17,9,3,19,Windowplacement317_Orientation45.png
32,90,0.655556,9,12,13,14,Windowplacement32_Orientation90.png
394,90,0.744444,16,18,14,6,Windowplacement394_Orientation90.png
389,90,0.622222,3,12,4,15,Windowplacement389_Orientation90.png
361,90,0.683333,17,18,19,6,Windowplacement361_Orientation90.png
77,90,0.616667,0,17,19,6,Windowplacement77_Orientation90.png
144,90,0.627778,17,18,11,6,Windowplacement144_Orientation90.png
189,90,0.788889,6,12,14,15,Windowplacement189_Orientation90.png
357,90,0.755556,17,10,13,14,Windowplacement357_Orientation90.png
437,90,0.622222,3,4,14,15,Windowplacement437_Orientation90.png
191,90,0.727778,0,18,6,15,Windowplacement191_Orientation90.png
220,90,0.733333,0,18,12,5,Windowplacement220_Orientation90.png
301,90,0.722222,9,18,13,14,Windowplacement301_Orientation90.png
66,90,0.638889,0,16,18,17,Windowplacement66_Orientation90.png
263,90,0.727778,0,17,6,14,Windowplacement263_Orientation90.png
483,90,0.716667,18,12,4,14,Windowplacement483_Orientation90.png
334,90,0.75,0,19,12,6,Windowplacement334_Orientation90.png
213,90,0.638889,9,4,12,13,Windowplacement213_Orientation90.png
380,90,0.783333,16,17,13,6,Windowplacement380_Orientation90.png
393,90,0.777778,16,18,13,6,Windowplacement393_Orientation90.png
192,90,0.777778,0,19,6,15,Windowplacement192_Orientation90.png
288,90,0.761111,18,12,13,15,Windowplacement288_Orientation90.png
219,90,0.616667,0,19,11,5,Windowplacement219_Orientation90.png
190,90,0.8,0,13,14,15,Windowplacement190_Orientation90.png
100,90,0.633333,0,17,11,5,Windowplacement100_Orientation90.png
375,90,0.777778,16,18,6,15,Windowplacement375_Orientation90.png
257,90,0.744444,8,17,4,5,Windowplacement257_Orientation90.png
131,90,0.75,2,13,5,6,Windowplacement131_Orientation90.png
80,90,0.694444,16,0,10,2,Windowplacement80_Orientation90.png
0,90,0.772222,0,9,3,19,Windowplacement0_Orientation90.png
382,90,0.722222,10,3,11,6,Windowplacement382_Orientation90.png
218,90,0.722222,0,2,4,7,Windowplacement218_Orientation90.png
349,90,0.761111,0,1,18,10,Windowplacement349_Orientation90.png
228,90,0.711111,9,3,6,7,Windowplacement228_Orientation90.png
179,90,0.727778,3,11,5,4,Windowplacement179_Orientation90.png
336,90,0.733333,0,10,4,5,Windowplacement336_Orientation90.png
369,90,0.722222,8,1,19,4,Windowplacement369_Orientation90.png
73,90,0.755556,16,9,11,4,Windowplacement73_Orientation90.png
268,90,0.711111,17,1,4,6,Windowplacement268_Orientation90.png
180,90,0.733333,1,10,4,5,Windowplacement180_Orientation90.png
486,90,0.733333,8,11,4,5,Windowplacement486_Orientation90.png
491,90,0.75,2,18,10,5,Windowplacement491_Orientation90.png
23,90,0.738889,0,9,4,7,Windowplacement23_Orientation90.png
265,90,0.761111,17,2,19,4,Windowplacement265_Orientation90.png
107,90,0.766667,4,13,6,7,Windowplacement107_Orientation90.png
121,90,0.755556,0,3,4,5,Windowplacement121_Orientation90.png
59,90,0.711111,2,3,5,6,Windowplacement59_Orientation90.png
187,90,0.761111,0,10,4,7,Windowplacement187_Orientation90.png
215,90,0.783333,17,10,4,5,Windowplacement215_Orientation90.png
240,90,0.744444,17,10,1,3,Windowplacement240_Orientation90.png
317,90,0.788889,17,9,3,19,Windowplacement317_Orientation90.png
32,135,0.594444,9,12,13,14,Windowplacement32_Orientation135.png
394,135,0.688889,16,18,14,6,Windowplacement394_Orientation135.png
389,135,0.6,3,12,4,15,Windowplacement389_Orientation135.png
361,135,0.516667,17,18,19,6,Windowplacement361_Orientation135.png
77,135,0.561111,0,17,19,6,Windowplacement77_Orientation135.png
144,135,0.538889,17,18,11,6,Windowplacement144_Orientation135.png
189,135,0.738889,6,12,14,15,Windowplacement189_Orientation135.png
357,135,0.688889,17,10,13,14,Windowplacement357_Orientation135.png
437,135,0.583333,3,4,14,15,Windowplacement437_Orientation135.png
191,135,0.694444,0,18,6,15,Windowplacement191_Orientation135.png
220,135,0.655556,0,18,12,5,Windowplacement220_Orientation135.png
301,135,0.661111,9,18,13,14,Windowplacement301_Orientation135.png
66,135,0.538889,0,16,18,17,Windowplacement66_Orientation135.png
263,135,0.672222,0,17,6,14,Windowplacement263_Orientation135.png
483,135,0.672222,18,12,4,14,Windowplacement483_Orientation135.png
334,135,0.644444,0,19,12,6,Windowplacement334_Orientation135.png
213,135,0.616667,9,4,12,13,Windowplacement213_Orientation135.png
380,135,0.716667,16,17,13,6,Windowplacement380_Orientation135.png
393,135,0.7,16,18,13,6,Windowplacement393_Orientation135.png
192,135,0.716667,0,19,6,15,Windowplacement192_Orientation135.png
288,135,0.7,18,12,13,15,Windowplacement288_Orientation135.png
219,135,0.6,0,19,11,5,Windowplacement219_Orientation135.png
190,135,0.744444,0,13,14,15,Windowplacement190_Orientation135.png
100,135,0.572222,0,17,11,5,Windowplacement100_Orientation135.png
375,135,0.705556,16,18,6,15,Windowplacement375_Orientation135.png
257,135,0.711111,8,17,4,5,Windowplacement257_Orientation135.png
131,135,0.777778,2,13,5,6,Windowplacement131_Orientation135.png
80,135,0.727778,16,0,10,2,Windowplacement80_Orientation135.png
0,135,0.694444,0,9,3,19,Windowplacement0_Orientation135.png
382,135,0.7,10,3,11,6,Windowplacement382_Orientation135.png
218,135,0.727778,0,2,4,7,Windowplacement218_Orientation135.png
349,135,0.688889,0,1,18,10,Windowplacement349_Orientation135.png
228,135,0.694444,9,3,6,7,Windowplacement228_Orientation135.png
179,135,0.744444,3,11,5,4,Windowplacement179_Orientation135.png
336,135,0.766667,0,10,4,5,Windowplacement336_Orientation135.png
369,135,0.722222,8,1,19,4,Windowplacement369_Orientation135.png
73,135,0.75,16,9,11,4,Windowplacement73_Orientation135.png
268,135,0.716667,17,1,4,6,Windowplacement268_Orientation135.png
180,135,0.694444,1,10,4,5,Windowplacement180_Orientation135.png
486,135,0.705556,8,11,4,5,Windowplacement486_Orientation135.png
491,135,0.705556,2,18,10,5,Windowplacement491_Orientation135.png
23,135,0.716667,0,9,4,7,Windowplacement23_Orientation135.png
265,135,0.7,17,2,19,4,Windowplacement265_Orientation135.png
107,135,0.766667,4,13,6,7,Windowplacement107_Orientation135.png
121,135,0.75,0,3,4,5,Windowplacement121_Orientation135.png
59,135,0.761111,2,3,5,6,Windowplacement59_Orientation135.png
187,135,0.7,0,10,4,7,Windowplacement187_Orientation135.png
215,135,0.716667,17,10,4,5,Windowplacement215_Orientation135.png
240,135,0.7,17,10,1,3,Windowplacement240_Orientation135.png
317,135,0.755556,17,9,3,19,Windowplacement317_Orientation135.png
32,180,0.5,9,12,13,14,Windowplacement32_Orientation180.png
394,180,0.483333,16,18,14,6,Windowplacement394_Orientation180.png
389,180,0.477778,3,12,4,15,Windowplacement389_Orientation180.png
361,180,0.438889,17,18,19,6,Windowplacement361_Orientation180.png
77,180,0.472222,0,17,19,6,Windowplacement77_Orientation180.png
144,180,0.472222,17,18,11,6,Windowplacement144_Orientation180.png
189,180,0.622222,6,12,14,15,Windowplacement189_Orientation180.png
357,180,0.544444,17,10,13,14,Windowplacement357_Orientation180.png
437,180,0.477778,3,4,14,15,Windowplacement437_Orientation180.png
191,180,0.561111,0,18,6,15,Windowplacement191_Orientation180.png
220,180,0.511111,0,18,12,5,Windowplacement220_Orientation180.png
301,180,0.533333,9,18,13,14,Windowplacement301_Orientation180.png
66,180,0.433333,0,16,18,17,Windowplacement66_Orientation180.png
263,180,0.538889,0,17,6,14,Windowplacement263_Orientation180.png
483,180,0.5,18,12,4,14,Windowplacement483_Orientation180.png
334,180,0.522222,0,19,12,6,Windowplacement334_Orientation180.png
213,180,0.505556,9,4,12,13,Windowplacement213_Orientation180.png
380,180,0.566667,16,17,13,6,Windowplacement380_Orientation180.png
393,180,0.511111,16,18,13,6,Windowplacement393_Orientation180.png
192,180,0.588889,0,19,6,15,Windowplacement192_Orientation180.png
288,180,0.527778,18,12,13,15,Windowplacement288_Orientation180.png
219,180,0.533333,0,19,11,5,Windowplacement219_Orientation180.png
190,180,0.638889,0,13,14,15,Windowplacement190_Orientation180.png
100,180,0.522222,0,17,11,5,Windowplacement100_Orientation180.png
375,180,0.561111,16,18,6,15,Windowplacement375_Orientation180.png
257,180,0.677778,8,17,4,5,Windowplacement257_Orientation180.png
131,180,0.716667,2,13,5,6,Windowplacement131_Orientation180.png
80,180,0.644444,16,0,10,2,Windowplacement80_Orientation180.png
0,180,0.666667,0,9,3,19,Windowplacement0_Orientation180.png
382,180,0.716667,10,3,11,6,Windowplacement382_Orientation180.png
218,180,0.727778,0,2,4,7,Windowplacement218_Orientation180.png
349,180,0.65,0,1,18,10,Windowplacement349_Orientation180.png
228,180,0.727778,9,3,6,7,Windowplacement228_Orientation180.png
179,180,0.744444,3,11,5,4,Windowplacement179_Orientation180.png
336,180,0.711111,0,10,4,5,Windowplacement336_Orientation180.png
369,180,0.672222,8,1,19,4,Windowplacement369_Orientation180.png
73,180,0.711111,16,9,11,4,Windowplacement73_Orientation180.png
268,180,0.688889,17,1,4,6,Windowplacement268_Orientation180.png
180,180,0.694444,1,10,4,5,Windowplacement180_Orientation180.png
486,180,0.744444,8,11,4,5,Windowplacement486_Orientation180.png
491,180,0.688889,2,18,10,5,Windowplacement491_Orientation180.png
23,180,0.766667,0,9,4,7,Windowplacement23_Orientation180.png
265,180,0.661111,17,2,19,4,Windowplacement265_Orientation180.png
107,180,0.694444,4,13,6,7,Windowplacement107_Orientation180.png
121,180,0.705556,0,3,4,5,Windowplacement121_Orientation180.png
59,180,0.7,2,3,5,6,Windowplacement59_Orientation180.png
187,180,0.711111,0,10,4,7,Windowplacement187_Orientation180.png
215,180,0.705556,17,10,4,5,Windowplacement215_Orientation180.png
240,180,0.722222,17,10,1,3,Windowplacement240_Orientation180.png
317,180,0.688889,17,9,3,19,Windowplacement317_Orientation180.png
32,225,0.6,9,12,13,14,Windowplacement32_Orientation225.png
394,225,0.616667,16,18,14,6,Windowplacement394_Orientation225.png
389,225,0.561111,3,12,4,15,Windowplacement389_Orientation225.png
361,225,0.555556,17,18,19,6,Windowplacement361_Orientation225.png
77,225,0.533333,0,17,19,6,Windowplacement77_Orientation225.png
144,225,0.566667,17,18,11,6,Windowplacement144_Orientation225.png
189,225,0.705556,6,12,14,15,Windowplacement189_Orientation225.png
357,225,0.688889,17,10,13,14,Windowplacement357_Orientation225.png
437,225,0.566667,3,4,14,15,Windowplacement437_Orientation225.png
191,225,0.677778,0,18,6,15,Windowplacement191_Orientation225.png
220,225,0.661111,0,18,12,5,Windowplacement220_Orientation225.png
301,225,0.694444,9,18,13,14,Windowplacement301_Orientation225.png
66,225,0.533333,0,16,18,17,Windowplacement66_Orientation225.png
263,225,0.644444,0,17,6,14,Windowplacement263_Orientation225.png
483,225,0.716667,18,12,4,14,Windowplacement483_Orientation225.png
334,225,0.644444,0,19,12,6,Windowplacement334_Orientation225.png
213,225,0.611111,9,4,12,13,Windowplacement213_Orientation225.png
380,225,0.7,16,17,13,6,Windowplacement380_Orientation225.png
393,225,0.711111,16,18,13,6,Windowplacement393_Orientation225.png
192,225,0.661111,0,19,6,15,Windowplacement192_Orientation225.png
288,225,0.744444,18,12,13,15,Windowplacement288_Orientation225.png
219,225,0.55,0,19,11,5,Windowplacement219_Orientation225.png
190,225,0.705556,0,13,14,15,Windowplacement190_Orientation225.png
100,225,0.577778,0,17,11,5,Windowplacement100_Orientation225.png
375,225,0.666667,16,18,6,15,Windowplacement375_Orientation225.png
257,225,0.722222,8,17,4,5,Windowplacement257_Orientation225.png
131,225,0.75,2,13,5,6,Windowplacement131_Orientation225.png
80,225,0.7,16,0,10,2,Windowplacement80_Orientation225.png
0,225,0.716667,0,9,3,19,Windowplacement0_Orientation225.png
382,225,0.722222,10,3,11,6,Windowplacement382_Orientation225.png
218,225,0.683333,0,2,4,7,Windowplacement218_Orientation225.png
349,225,0.683333,0,1,18,10,Windowplacement349_Orientation225.png
228,225,0.722222,9,3,6,7,Windowplacement228_Orientation225.png
179,225,0.705556,3,11,5,4,Windowplacement179_Orientation225.png
336,225,0.705556,0,10,4,5,Windowplacement336_Orientation225.png
369,225,0.738889,8,1,19,4,Windowplacement369_Orientation225.png
73,225,0.75,16,9,11,4,Windowplacement73_Orientation225.png
268,225,0.655556,17,1,4,6,Windowplacement268_Orientation225.png
180,225,0.744444,1,10,4,5,Windowplacement180_Orientation225.png
486,225,0.733333,8,11,4,5,Windowplacement486_Orientation225.png
491,225,0.711111,2,18,10,5,Windowplacement491_Orientation225.png
23,225,0.733333,0,9,4,7,Windowplacement23_Orientation225.png
265,225,0.694444,17,2,19,4,Windowplacement265_Orientation225.png
107,225,0.766667,4,13,6,7,Windowplacement107_Orientation225.png
121,225,0.722222,0,3,4,5,Windowplacement121_Orientation225.png
59,225,0.694444,2,3,5,6,Windowplacement59_Orientation225.png
187,225,0.722222,0,10,4,7,Windowplacement187_Orientation225.png
215,225,0.744444,17,10,4,5,Windowplacement215_Orientation225.png
240,225,0.761111,17,10,1,3,Windowplacement240_Orientation225.png
317,225,0.744444,17,9,3,19,Windowplacement317_Orientation225.png
32,270,0.65,9,12,13,14,Windowplacement32_Orientation270.png
394,270,0.772222,16,18,14,6,Windowplacement394_Orientation270.png
389,270,0.627778,3,12,4,15,Windowplacement389_Orientation270.png
361,270,0.666667,17,18,19,6,Windowplacement361_Orientation270.png
77,270,0.638889,0,17,19,6,Windowplacement77_Orientation270.png
144,270,0.605556,17,18,11,6,Windowplacement144_Orientation270.png
189,270,0.788889,6,12,14,15,Windowplacement189_Orientation270.png
357,270,0.75,17,10,13,14,Windowplacement357_Orientation270.png
437,270,0.633333,3,4,14,15,Windowplacement437_Orientation270.png
191,270,0.722222,0,18,6,15,Windowplacement191_Orientation270.png
220,270,0.733333,0,18,12,5,Windowplacement220_Orientation270.png
301,270,0.711111,9,18,13,14,Windowplacement301_Orientation270.png
66,270,0.644444,0,16,18,17,Windowplacement66_Orientation270.png
263,270,0.744444,0,17,6,14,Windowplacement263_Orientation270.png
483,270,0.788889,18,12,4,14,Windowplacement483_Orientation270.png
334,270,0.711111,0,19,12,6,Windowplacement334_Orientation270.png
213,270,0.627778,9,4,12,13,Windowplacement213_Orientation270.png
380,270,0.766667,16,17,13,6,Windowplacement380_Orientation270.png
393,270,0.783333,16,18,13,6,Windowplacement393_Orientation270.png
192,270,0.766667,0,19,6,15,Windowplacement192_Orientation270.png
288,270,0.766667,18,12,13,15,Windowplacement288_Orientation270.png
219,270,0.611111,0,19,11,5,Windowplacement219_Orientation270.png
190,270,0.766667,0,13,14,15,Windowplacement190_Orientation270.png
100,270,0.672222,0,17,11,5,Windowplacement100_Orientation270.png
375,270,0.744444,16,18,6,15,Windowplacement375_Orientation270.png
257,270,0.783333,8,17,4,5,Windowplacement257_Orientation270.png
131,270,0.772222,2,13,5,6,Windowplacement131_Orientation270.png
80,270,0.75,16,0,10,2,Windowplacement80_Orientation270.png
0,270,0.744444,0,9,3,19,Windowplacement0_Orientation270.png
382,270,0.711111,10,3,11,6,Windowplacement382_Orientation270.png
218,270,0.705556,0,2,4,7,Windowplacement218_Orientation270.png
349,270,0.733333,0,1,18,10,Windowplacement349_Orientation270.png
228,270,0.694444,9,3,6,7,Windowplacement228_Orientation270.png
179,270,0.7,3,11,5,4,Windowplacement179_Orientation270.png
336,270,0.727778,0,10,4,5,Windowplacement336_Orientation270.png
369,270,0.733333,8,1,19,4,Windowplacement369_Orientation270.png
73,270,0.761111,16,9,11,4,Windowplacement73_Orientation270.png
268,270,0.727778,17,1,4,6,Windowplacement268_Orientation270.png
180,270,0.744444,1,10,4,5,Windowplacement180_Orientation270.png
486,270,0.733333,8,11,4,5,Windowplacement486_Orientation270.png
491,270,0.783333,2,18,10,5,Windowplacement491_Orientation270.png
23,270,0.733333,0,9,4,7,Windowplacement23_Orientation270.png
265,270,0.805556,17,2,19,4,Windowplacement265_Orientation270.png
107,270,0.75,4,13,6,7,Windowplacement107_Orientation270.png
121,270,0.744444,0,3,4,5,Windowplacement121_Orientation270.png
59,270,0.727778,2,3,5,6,Windowplacement59_Orientation270.png
187,270,0.688889,0,10,4,7,Windowplacement187_Orientation270.png
215,270,0.811111,17,10,4,5,Windowplacement215_Orientation270.png
240,270,0.761111,17,10,1,3,Windowplacement240_Orientation270.png
317,270,0.788889,17,9,3,19,Windowplacement317_Orientation270.png
32,315,0.594444,9,12,13,14,Windowplacement32_Orientation315.png
394,315,0.744444,16,18,14,6,Windowplacement394_Orientation315.png
389,315,0.538889,3,12,4,15,Windowplacement389_Orientation315.png
361,315,0.6,17,18,19,6,Windowplacement361_Orientation315.png
77,315,0.588889,0,17,19,6,Windowplacement77_Orientation315.png
144,315,0.577778,17,18,11,6,Windowplacement144_Orientation315.png
189,315,0.666667,6,12,14,15,Windowplacement189_Orientation315.png
357,315,0.727778,17,10,13,14,Windowplacement357_Orientation315.png
437,315,0.561111,3,4,14,15,Windowplacement437_Orientation315.png
191,315,0.655556,0,18,6,15,Windowplacement191_Orientation315.png
220,315,0.655556,0,18,12,5,Windowplacement220_Orientation315.png
301,315,0.711111,9,18,13,14,Windowplacement301_Orientation315.png
66,315,0.561111,0,16,18,17,Windowplacement66_Orientation315.png
263,315,0.677778,0,17,6,14,Windowplacement263_Orientation315.png
483,315,0.633333,18,12,4,14,Windowplacement483_Orientation315.png
334,315,0.688889,0,19,12,6,Windowplacement334_Orientation315.png
213,315,0.577778,9,4,12,13,Windowplacement213_Orientation315.png
380,315,0.733333,16,17,13,6,Windowplacement380_Orientation315.png
393,315,0.738889,16,18,13,6,Windowplacement393_Orientation315.png
192,315,0.711111,0,19,6,15,Windowplacement192_Orientation315.png
288,315,0.661111,18,12,13,15,Windowplacement288_Orientation315.png
219,315,0.577778,0,19,11,5,Windowplacement219_Orientation315.png
190,315,0.677778,0,13,14,15,Windowplacement190_Orientation315.png
100,315,0.561111,0,17,11,5,Windowplacement100_Orientation315.png
375,315,0.738889,16,18,6,15,Windowplacement375_Orientation315.png
257,315,0.75,8,17,4,5,Windowplacement257_Orientation315.png
131,315,0.744444,2,13,5,6,Windowplacement131_Orientation315.png
80,315,0.716667,16,0,10,2,Windowplacement80_Orientation315.png
0,315,0.75,0,9,3,19,Windowplacement0_Orientation315.png
382,315,0.744444,10,3,11,6,Windowplacement382_Orientation315.png
218,315,0.727778,0,2,4,7,Windowplacement218_Orientation315.png
349,315,0.722222,0,1,18,10,Windowplacement349_Orientation315.png
228,315,0.716667,9,3,6,7,Windowplacement228_Orientation315.png
179,315,0.722222,3,11,5,4,Windowplacement179_Orientation315.png
336,315,0.738889,0,10,4,5,Windowplacement336_Orientation315.png
369,315,0.711111,8,1,19,4,Windowplacement369_Orientation315.png
73,315,0.744444,16,9,11,4,Windowplacement73_Orientation315.png
268,315,0.694444,17,1,4,6,Windowplacement268_Orientation315.png
180,315,0.688889,1,10,4,5,Windowplacement180_Orientation315.png
486,315,0.694444,8,11,4,5,Windowplacement486_Orientation315.png
491,315,0.738889,2,18,10,5,Windowplacement491_Orientation315.png
23,315,0.711111,0,9,4,7,Windowplacement23_Orientation315.png
265,315,0.755556,17,2,19,4,Windowplacement265_Orientation315.png
107,315,0.755556,4,13,6,7,Windowplacement107_Orientation315.png
121,315,0.727778,0,3,4,5,Windowplacement121_Orientation315.png
59,315,0.727778,2,3,5,6,Windowplacement59_Orientation315.png
187,315,0.75,0,10,4,7,Windowplacement187_Orientation315.png
215,315,0.761111,17,10,4,5,Windowplacement215_Orientation315.png
240,315,0.75,17,10,1,3,Windowplacement240_Orientation315.png
317,315,0.783333,17,9,3,19,Windowplacement317_Orientation315.png
32,360,0.472222,9,12,13,14,Windowplacement32_Orientation360.png
394,360,0.466667,16,18,14,6,Windowplacement394_Orientation360.png
389,360,0.483333,3,12,4,15,Windowplacement389_Orientation360.png
361,360,0.45,17,18,19,6,Windowplacement361_Orientation360.png
77,360,0.494444,0,17,19,6,Windowplacement77_Orientation360.png
144,360,0.472222,17,18,11,6,Windowplacement144_Orientation360.png
189,360,0.505556,6,12,14,15,Windowplacement189_Orientation360.png
357,360,0.511111,17,10,13,14,Windowplacement357_Orientation360.png
437,360,0.472222,3,4,14,15,Windowplacement437_Orientation360.png
191,360,0.538889,0,18,6,15,Windowplacement191_Orientation360.png
220,360,0.566667,0,18,12,5,Windowplacement220_Orientation360.png
301,360,0.527778,9,18,13,14,Windowplacement301_Orientation360.png
66,360,0.466667,0,16,18,17,Windowplacement66_Orientation360.png
263,360,0.488889,0,17,6,14,Windowplacement263_Orientation360.png
483,360,0.516667,18,12,4,14,Windowplacement483_Orientation360.png
334,360,0.494444,0,19,12,6,Windowplacement334_Orientation360.png
213,360,0.483333,9,4,12,13,Windowplacement213_Orientation360.png
380,360,0.533333,16,17,13,6,Windowplacement380_Orientation360.png
393,360,0.522222,16,18,13,6,Windowplacement393_Orientation360.png
192,360,0.538889,0,19,6,15,Windowplacement192_Orientation360.png
288,360,0.494444,18,12,13,15,Windowplacement288_Orientation360.png
219,360,0.511111,0,19,11,5,Windowplacement219_Orientation360.png
190,360,0.527778,0,13,14,15,Windowplacement190_Orientation360.png
100,360,0.516667,0,17,11,5,Windowplacement100_Orientation360.png
375,360,0.511111,16,18,6,15,Windowplacement375_Orientation360.png
257,360,0.705556,8,17,4,5,Windowplacement257_Orientation360.png
131,360,0.722222,2,13,5,6,Windowplacement131_Orientation360.png
80,360,0.711111,16,0,10,2,Windowplacement80_Orientation360.png
0,360,0.711111,0,9,3,19,Windowplacement0_Orientation360.png
382,360,0.705556,10,3,11,6,Windowplacement382_Orientation360.png
218,360,0.694444,0,2,4,7,Windowplacement218_Orientation360.png
349,360,0.683333,0,1,18,10,Windowplacement349_Orientation360.png
228,360,0.7,9,3,6,7,Windowplacement228_Orientation360.png
179,360,0.7,3,11,5,4,Windowplacement179_Orientation360.png
336,360,0.733333,0,10,4,5,Windowplacement336_Orientation360.png
369,360,0.705556,8,1,19,4,Windowplacement369_Orientation360.png
73,360,0.722222,16,9,11,4,Windowplacement73_Orientation360.png
268,360,0.705556,17,1,4,6,Windowplacement268_Orientation360.png
180,360,0.722222,1,10,4,5,Windowplacement180_Orientation360.png
486,360,0.727778,8,11,4,5,Windowplacement486_Orientation360.png
491,360,0.722222,2,18,10,5,Windowplacement491_Orientation360.png
23,360,0.761111,0,9,4,7,Windowplacement23_Orientation360.png
265,360,0.722222,17,2,19,4,Windowplacement265_Orientation360.png
107,360,0.694444,4,13,6,7,Windowplacement107_Orientation360.png
121,360,0.733333,0,3,4,5,Windowplacement121_Orientation360.png
59,360,0.744444,2,3,5,6,Windowplacement59_Orientation360.png
187,360,0.733333,0,10,4,7,Windowplacement187_Orientation360.png
215,360,0.755556,17,10,4,5,Windowplacement215_Orientation360.png
240,360,0.733333,17,10,1,3,Windowplacement240_Orientation360.png
317,360,0.744444,17,9,3,19,Windowplacement317_Orientation360.png
